name,country,age,overall,potential,club,best_position,value,wage,Crossing,Finishing,Heading Accuracy,Short passing,Volleys,Dribbling,Curve,Fk Accuracy,Long Passing,Ball Control,Acceleration,Sprint Speed,Agility,Reactions,Balance,Shot Power,Jumping,Stamina,Strength,Long Shots,Aggression,Interceptions,Positioning,Vision,Penalties,Composure,Defensive Awareness,Standing Tackle,Sliding Tackle,Diving,Handling,Kicking,Reflexes
Aurélien Tchouaméni,France,21,81,88,AS Monaco,CM,52000000.0,46000.0,68,67,73,84,50,78,76,53,83,80,70,73,75,81,71,78,74,86,82,72,82,84,12,82,55,82,80,83,78,9,8,12,7
Marcel Lotka,Poland,20,63,75,Hertha BSC,GK,1000000.0,4000.0,12,11,11,20,8,9,12,7,23,12,24,21,26,49,29,41,38,29,54,8,22,10,67,23,10,30,8,10,9,65,62,54,65
Saša Kalajdžić,Austria,23,77,82,VfB Stuttgart,ST,16000000.0,27000.0,59,82,86,74,68,74,50,47,64,78,64,61,63,78,54,74,55,67,82,61,44,32,14,70,41,72,39,46,47,7,6,13,15
Adam Hložek,Czech Republic,18,77,87,AC Sparta Praha,CAM,22000000.0,500.0,69,75,73,75,73,78,68,64,68,79,79,78,69,76,78,78,70,76,84,76,70,23,11,78,66,80,23,32,23,11,10,9,10
Noussair Mazraoui,Morocco,23,82,86,Ajax,RB,40500000.0,20000.0,78,69,65,82,56,82,67,42,75,84,83,84,86,77,67,68,69,88,68,61,69,80,12,76,44,79,74,77,80,12,7,13,12
Christopher Nkunku,France,23,86,89,RB Leipzig,CAM,93000000.0,110000.0,81,85,63,85,70,87,82,80,80,87,87,91,88,84,90,79,59,74,64,78,59,67,15,84,67,81,67,72,60,5,6,10,7
Rafael da Conceição Leão,Portugal,22,82,90,AC Milan,LW,68500000.0,52000.0,69,80,63,76,74,89,80,60,62,85,90,92,82,83,80,80,62,75,80,72,60,24,11,74,63,81,22,24,21,10,12,15,9
Pau Francisco Torres,Spain,24,82,89,Villarreal CF,CB,56500000.0,35000.0,55,28,85,80,41,64,45,28,76,79,70,74,69,80,52,58,78,80,80,40,79,82,13,67,42,73,84,84,83,11,13,13,9
Maxwel Cornet,Côte d'Ivoire,24,78,81,Burnley,LM,19000000.0,34000.0,73,75,70,74,72,79,71,69,62,76,86,87,82,71,78,81,77,89,72,77,72,66,12,70,64,67,64,70,66,16,13,8,9
Darwin Núñez,Uruguay,22,79,87,SL Benfica,ST,39500000.0,16000.0,67,82,76,69,73,73,68,61,54,75,91,86,78,82,67,85,73,89,88,73,78,41,10,71,76,82,36,39,33,14,10,12,13
Filip Kostić,Serbia,28,84,84,Eintracht Frankfurt,LM,42500000.0,52000.0,91,76,59,80,73,86,79,80,75,82,87,84,76,82,79,86,67,90,77,78,80,63,12,81,66,80,69,72,68,13,14,12,13
Evander da Silva Ferreira,Brazil,23,76,81,FC Midtjylland,CM,11500000.0,24000.0,72,67,51,76,55,80,77,74,74,77,76,70,84,75,83,77,64,83,52,72,70,71,11,79,74,75,71,68,56,11,8,12,6
Nico Schlotterbeck,Germany,21,80,86,Sport-Club Freiburg,CB,31000000.0,23000.0,48,39,81,74,44,70,49,35,79,67,66,75,66,79,64,63,70,71,82,52,75,82,14,67,38,74,81,84,79,8,10,8,13
Eduardo Camavinga,France,18,79,89,Real Madrid CF,CM,37000000.0,48000.0,70,62,64,82,59,80,72,59,79,83,76,76,80,79,76,73,70,81,77,64,77,77,12,77,62,81,75,80,79,12,6,8,12
William Saliba,France,20,79,87,Olympique de Marseille,CB,36000000.0,55000.0,58,37,67,78,34,69,55,35,73,76,77,79,51,78,58,60,72,73,83,23,82,82,8,62,47,74,79,83,79,7,10,6,11
Joško Gvardiol,Croatia,19,79,89,RB Leipzig,CB,35500000.0,35000.0,61,42,76,76,54,75,59,59,74,75,80,84,67,74,60,76,83,79,84,56,85,78,9,65,61,75,74,83,80,5,8,6,11
Ibrahim Sangaré,Côte d'Ivoire,23,79,85,PSV,CDM,25500000.0,18000.0,65,61,71,75,62,74,64,62,72,75,69,63,64,74,72,80,74,83,90,64,76,83,6,75,64,82,82,81,78,7,13,11,7
Fábio Leandro Carvalho,Portugal,18,73,86,Fulham,CAM,7000000.0,15000.0,60,73,43,72,56,73,65,53,64,75,80,78,81,71,86,64,59,65,48,65,42,39,10,71,49,71,49,49,32,14,5,8,10
Pablo Martín Páez Gavira,Spain,16,77,89,FC Barcelona,CM,24000000.0,14000.0,64,64,42,81,49,82,74,47,76,81,78,75,86,76,89,56,70,77,56,59,82,65,7,81,51,74,59,66,62,8,10,11,13
Boubacar Kamara,France,21,80,86,Olympique de Marseille,CDM,31000000.0,30000.0,64,47,72,77,28,71,59,47,75,77,74,74,69,74,67,67,80,84,76,63,84,86,6,72,63,84,78,82,80,8,12,8,11
Ryan Gravenberch,Netherlands,19,78,90,Ajax,CM,33000000.0,11000.0,74,74,58,79,69,83,73,69,78,84,76,78,80,73,75,77,72,81,74,78,52,74,11,80,58,75,68,67,59,12,8,6,12
Daniel Maldini,Italy,19,64,78,AC Milan,CAM,1400000.0,5000.0,53,54,48,68,53,62,64,60,62,67,68,69,70,62,68,61,54,47,53,55,46,34,13,63,58,58,30,44,40,12,12,14,14
Jurriën Timber,Netherlands,20,79,88,Ajax,CB,36000000.0,13000.0,59,41,68,79,41,76,44,31,69,77,80,86,73,78,74,58,84,78,80,46,76,78,14,63,42,84,82,83,75,6,6,8,14
Vítor Machado Ferreira,Portugal,21,78,88,FC Porto,CM,31500000.0,12000.0,71,66,39,82,62,81,62,61,79,84,76,70,90,74,84,69,56,75,45,71,53,73,5,80,73,82,68,72,68,12,13,8,5
Jude Bellingham,England,18,82,90,Borussia Dortmund,CM,64000000.0,25000.0,64,73,64,83,67,84,63,47,79,83,78,73,81,84,79,77,76,88,73,74,84,79,5,83,56,77,79,78,79,14,11,10,8
Ransford-Yeboah Königsdörffer,Germany,19,66,76,SG Dynamo Dresden,RM,1800000.0,3000.0,56,66,63,63,44,66,58,27,50,64,84,79,80,56,82,58,73,66,51,59,38,37,6,62,58,63,36,37,34,15,10,9,7
Charles De Ketelaere,Belgium,20,77,87,Club Brugge KV,ST,23500000.0,22000.0,74,78,75,77,76,79,73,72,77,82,74,77,78,75,60,77,69,83,75,74,57,59,8,78,67,76,45,61,57,11,8,14,8
Karim Adeyemi,Germany,19,74,87,FC Red Bull Salzburg,ST,10000000.0,16000.0,63,77,58,69,71,78,67,62,64,75,94,92,88,68,81,76,88,74,72,75,51,23,12,68,73,73,18,19,25,12,12,7,7
Marc Guéhi,England,20,77,86,Crystal Palace,CB,21500000.0,34000.0,35,42,76,74,32,65,29,32,71,70,65,77,67,79,65,49,73,72,78,26,67,78,12,45,38,71,79,79,78,8,9,11,12
Mike Maignan,France,25,85,90,AC Milan,GK,63000000.0,49000.0,18,15,17,55,16,32,28,16,46,40,50,53,41,84,56,64,74,39,78,20,30,25,84,61,15,66,23,16,19,84,82,85,88
Antony Matheus dos Santos,Brazil,21,82,89,Ajax,RW,62000000.0,21000.0,78,76,45,74,67,87,78,74,62,86,95,91,92,75,85,73,57,79,62,76,74,39,8,79,66,80,46,37,21,9,10,14,13
Fikayo Tomori,England,23,82,88,AC Milan,CB,43500000.0,42000.0,56,33,82,72,32,61,38,40,61,65,82,90,77,82,71,42,83,74,84,45,83,83,11,42,27,81,84,87,81,10,13,10,7
Alessandro Bastoni,Italy,22,83,89,Inter,CB,53000000.0,100000.0,70,26,80,77,35,70,43,36,77,76,66,72,58,86,57,49,71,81,81,37,80,85,11,57,47,82,87,87,81,11,5,9,12
Dušan Vlahović,Serbia,21,83,90,Juventus,ST,74500000.0,85000.0,50,88,76,70,76,79,68,56,50,84,77,82,61,83,52,83,68,79,88,80,60,22,11,66,73,80,18,26,24,5,15,6,10
Hugo Ekitike,France,19,72,82,Stade de Reims,ST,5000000.0,12000.0,45,74,70,64,61,70,53,48,47,71,74,74,69,69,68,73,74,69,73,69,59,18,10,59,63,73,24,17,16,8,8,7,12
Sandro Tonali,Italy,21,82,90,AC Milan,CDM,64500000.0,35000.0,63,69,70,83,68,75,75,81,80,83,78,83,81,82,83,79,65,85,81,79,84,81,7,77,64,84,81,81,75,13,9,8,7
Sergej Milinković-Savić,Serbia,26,85,86,Lazio,CM,63000000.0,100000.0,64,80,86,85,74,84,80,78,85,86,66,70,62,83,63,83,85,91,87,80,79,78,16,82,56,84,78,79,74,7,10,7,7
Victor Osimhen,Nigeria,22,82,88,Napoli,ST,49500000.0,77000.0,62,88,80,72,76,76,63,48,53,77,86,93,78,84,68,79,90,80,85,72,69,34,9,65,75,77,36,43,19,14,14,10,6
Gianluca Scamacca,Italy,22,78,84,U.S. Sassuolo Calcio,ST,23000000.0,34000.0,22,80,78,76,79,73,69,68,59,81,70,75,63,78,68,80,83,67,85,74,55,26,7,59,68,78,40,28,20,12,10,11,12
Salih Özcan,Turkey,23,77,81,1. FC Köln,CDM,14000000.0,23000.0,62,66,63,77,50,77,59,53,73,76,74,73,78,76,78,64,55,82,79,53,84,74,9,74,57,76,72,76,71,13,7,9,11
Noni Madueke,England,19,77,88,PSV,RM,23000000.0,11000.0,65,72,42,71,67,86,75,63,64,82,92,89,84,74,79,73,76,64,64,72,53,31,12,69,61,72,42,32,37,5,13,6,15
Raphael Dias Belloli,Brazil,24,83,86,Leeds United,RM,49500000.0,95000.0,79,77,45,74,72,87,81,77,73,84,90,91,88,83,79,83,74,86,65,79,76,55,8,77,78,80,47,54,38,8,7,13,14
Kalvin Phillips,England,25,81,85,Leeds United,CDM,32500000.0,82000.0,70,62,66,82,55,73,62,71,82,80,69,67,72,76,72,75,82,85,78,68,86,78,12,75,58,79,80,82,78,8,8,8,14
Kylian Mbappé,France,22,91,95,Paris Saint-Germain,ST,194000000.0,230000.0,78,93,72,85,83,93,80,69,71,91,97,97,92,93,83,86,78,88,77,82,62,38,11,82,79,88,26,34,32,13,5,7,6
Erling Haaland,Norway,20,88,94,Borussia Dortmund,ST,143500000.0,110000.0,47,94,78,74,88,78,77,62,51,85,82,93,77,88,72,94,74,82,93,87,85,43,11,73,76,85,44,53,29,7,14,13,7
Youssoufa Moukoko,Germany,16,69,89,Borussia Dortmund,ST,3800000.0,5000.0,41,75,58,64,69,78,68,39,36,75,82,86,83,59,85,65,71,64,64,59,43,29,10,59,60,66,29,31,25,13,13,11,13
Heung Min Son,Korea Republic,28,89,89,Tottenham Hotspur,LW,104000000.0,240000.0,83,89,68,84,79,87,85,74,74,84,85,90,87,91,79,88,60,88,64,89,62,39,6,84,73,89,47,34,33,11,13,13,10
Rodrygo Silva de Goes,Brazil,20,80,87,Real Madrid CF,RW,42000000.0,120000.0,73,77,62,75,67,84,80,73,62,82,88,86,87,78,85,72,73,81,42,72,54,21,8,71,74,82,25,36,32,9,8,12,5
Noah Mbamba,Belgium,16,64,88,Club Brugge KV,CB,1700000.0,500.0,31,18,64,67,23,62,25,28,59,64,68,76,67,53,63,53,76,65,74,50,68,57,14,51,26,60,58,65,63,12,11,11,6
Ryotaro Meshino,Japan,23,68,76,Estoril Praia,LW,2700000.0,35000.0,62,71,51,63,61,70,58,65,59,69,75,69,77,65,83,59,73,58,63,68,29,19,8,61,64,60,25,12,11,9,7,10,12
Jules Koundé,France,22,83,89,Sevilla FC,CB,53000000.0,33000.0,45,47,79,80,32,69,42,26,75,74,81,82,71,85,74,48,88,76,80,40,75,86,14,62,43,82,85,85,83,11,10,8,13
Vinícius José de Oliveira Júnior,Brazil,20,84,91,Real Madrid CF,LW,83500000.0,165000.0,71,82,50,75,72,92,77,62,71,88,95,95,94,81,81,76,75,84,62,72,58,26,7,75,65,79,32,25,18,5,7,7,10
Noa Lang,Netherlands,22,78,85,Club Brugge KV,LW,28500000.0,27000.0,66,74,48,77,80,84,69,57,67,81,86,82,86,79,86,72,67,74,63,69,70,57,12,75,71,82,47,51,43,13,7,13,12
Youri Tielemans,Belgium,24,84,87,Leicester City,CM,57000000.0,125000.0,82,74,67,89,78,81,84,78,88,85,67,55,67,84,77,87,66,85,69,87,68,73,14,87,77,85,70,73,68,6,8,10,12
Mario Balotelli,Italy,30,77,77,Adana Demirspor,ST,10500000.0,22000.0,64,80,72,76,78,78,76,80,66,81,71,75,68,62,49,86,72,59,91,80,73,30,4,74,91,80,10,22,20,2,2,2,2
Yves Bissouma,Mali,24,81,86,Brighton & Hove Albion,CDM,35500000.0,57000.0,65,58,65,82,65,81,62,75,78,79,71,73,73,79,77,83,80,82,75,79,77,83,12,76,58,80,80,85,78,12,8,8,8
Enzo Fernández,Argentina,20,77,86,River Plate,CM,23000000.0,14000.0,66,61,66,80,62,77,74,69,74,80,77,72,76,77,77,83,66,83,79,72,82,69,8,80,73,80,72,75,74,8,6,7,10
Aaron Hickey,Scotland,19,73,85,Bologna,LWB,7000000.0,12000.0,72,48,62,71,56,70,62,40,69,73,76,74,74,63,64,64,64,76,51,61,47,64,13,66,48,72,68,73,72,13,14,8,5
Florian Wirtz,Germany,18,82,90,Bayer 04 Leverkusen,CAM,64000000.0,24000.0,77,78,39,82,68,86,76,54,82,88,76,75,85,80,81,67,52,79,50,70,63,45,6,85,60,80,55,57,44,14,14,13,10
Yeremi Jesús Santos Pino,Spain,18,76,87,Villarreal CF,RM,16000000.0,10000.0,71,78,46,74,65,79,70,60,70,77,79,78,80,70,78,66,41,70,42,67,51,29,6,75,54,56,31,28,28,9,7,14,9
Zlatan Ibrahimović,Sweden,39,83,83,AC Milan,ST,12500000.0,46000.0,72,86,83,80,88,77,79,74,73,86,62,64,70,79,52,86,78,34,85,87,84,20,9,83,80,90,28,37,24,13,15,10,12
Tanguy Nianzou,France,19,72,85,FC Bayern München,CB,5000000.0,20000.0,37,32,77,70,37,64,41,31,67,67,72,69,55,66,56,57,77,69,78,25,71,70,8,53,42,65,72,74,68,6,14,9,7
Castello Lukeba,France,18,75,86,Olympique Lyonnais,CB,11000000.0,13000.0,59,41,73,75,42,69,54,26,72,70,74,77,70,76,65,55,76,70,76,38,72,76,11,67,39,76,76,75,73,8,10,14,13
James Justin,England,23,77,80,Leicester City,LB,13500000.0,64000.0,73,53,65,72,42,73,60,60,65,74,78,85,72,74,70,54,64,77,68,40,66,70,5,67,43,66,73,77,75,13,7,6,14
Anssumane Fati,Spain,18,79,90,FC Barcelona,LW,37000000.0,56000.0,69,82,66,73,69,82,75,64,69,80,90,87,89,77,82,74,75,63,48,72,48,19,10,74,74,82,23,32,28,6,9,8,7
Ronald Araujo,Uruguay,22,82,89,FC Barcelona,CB,57500000.0,125000.0,48,55,84,72,38,48,47,45,62,66,68,84,49,81,55,41,85,66,86,35,85,82,11,59,43,76,82,83,80,11,14,9,8
Lionel Messi,Argentina,34,92,92,Paris Saint-Germain,RW,69500000.0,290000.0,85,91,70,91,88,96,93,93,91,94,90,78,91,93,95,86,68,71,69,93,44,40,14,95,75,96,20,35,24,6,11,15,8
Karim Benzema,France,33,91,91,Real Madrid CF,CF,84000000.0,450000.0,75,92,90,89,88,87,82,73,76,91,79,80,78,92,72,87,79,81,82,80,63,39,5,89,84,90,43,24,18,13,11,5,7
Harvey Elliott,England,18,73,87,Liverpool,CAM,7000000.0,23000.0,72,64,40,73,48,77,56,57,68,77,82,77,87,69,86,60,40,69,33,62,32,38,14,76,59,70,35,40,32,10,10,6,7
Nahuel Molina,Argentina,23,76,82,Udinese Calcio,RWB,11000000.0,14000.0,78,66,60,72,60,76,63,32,64,74,79,77,74,74,69,69,75,79,57,66,72,71,5,68,38,68,70,73,69,12,13,8,10
Conor Gallagher,England,21,78,85,Crystal Palace,CM,28500000.0,69000.0,68,75,49,79,61,78,62,68,78,79,67,76,68,79,68,78,58,90,62,78,72,69,9,78,55,72,62,72,58,7,6,15,9
C. Ronaldo dos Santos Aveiro,Portugal,36,91,91,Manchester United,ST,45000000.0,270000.0,84,94,90,80,86,86,81,79,77,88,82,87,82,94,72,94,95,77,77,92,63,29,14,76,90,95,24,32,24,7,11,15,11
Franck Yannick Kessié,Côte d'Ivoire,24,84,86,AC Milan,CDM,49500000.0,51000.0,66,73,68,83,60,78,61,48,75,84,77,79,70,81,79,84,72,93,86,78,84,84,12,76,88,84,85,84,78,9,11,12,10
Luis Díaz,Colombia,24,84,87,Liverpool,LW,57500000.0,145000.0,76,80,62,76,74,89,75,53,71,87,92,92,88,83,75,84,73,84,69,82,70,25,14,77,63,83,28,38,34,10,13,13,14
Jamal Musiala,Germany,18,79,89,FC Bayern München,LM,37000000.0,26000.0,67,76,49,79,63,88,64,38,71,86,80,72,91,82,91,71,55,69,53,73,59,59,8,77,42,81,62,58,65,6,9,8,11
Tino Livramento,England,18,74,85,Southampton,RB,8500000.0,11000.0,68,47,55,73,41,74,64,51,57,71,84,83,79,71,81,47,66,76,62,46,70,71,13,57,41,66,60,74,71,10,12,8,13
Octavian Popescu,Romania,18,72,86,FCSB (Steaua),LW,5500000.0,6000.0,64,68,40,72,55,75,74,50,66,75,81,82,84,66,79,71,58,76,43,74,44,23,11,73,52,74,24,28,25,15,12,14,9
Eden Hazard,Belgium,30,84,84,Real Madrid CF,LW,40500000.0,220000.0,77,78,61,85,82,89,83,79,81,87,85,82,86,78,89,82,55,76,61,77,54,41,8,84,87,88,34,27,22,11,12,6,8
Cody Gakpo,Netherlands,22,81,86,PSV,LM,39500000.0,22000.0,79,81,60,74,74,85,77,75,66,82,85,87,80,76,71,84,74,78,76,79,60,39,9,77,63,76,43,38,28,15,11,7,5
Jacob Ramsey,England,20,74,85,Aston Villa,CM,9000000.0,37000.0,64,75,56,78,59,78,63,54,68,77,74,73,76,74,82,75,72,78,72,71,68,64,6,72,53,76,64,67,52,14,9,8,12
Kayky da Silva Chagas,Brazil,18,66,87,Manchester City,RW,2700000.0,12000.0,57,64,38,60,50,73,45,39,55,71,83,79,84,49,76,62,46,60,43,40,31,22,14,63,64,58,24,30,31,14,14,13,9
Tammy Abraham,England,23,81,86,Roma,ST,39500000.0,61000.0,50,84,82,77,77,77,50,42,46,80,80,85,61,80,53,78,70,73,82,68,63,22,13,70,76,78,35,23,15,12,7,8,13
Federico Valverde,Uruguay,22,83,89,Real Madrid CF,CM,58000000.0,160000.0,66,69,59,85,70,79,70,66,84,82,82,90,76,84,68,80,62,86,79,81,81,81,15,80,59,82,79,80,76,6,10,6,8
João Félix Sequeira,Portugal,21,83,91,Atlético de Madrid,CF,82000000.0,61000.0,73,79,69,82,81,88,82,64,73,87,84,83,88,83,84,80,76,75,62,80,68,38,13,84,68,86,30,42,35,13,12,14,14
Phil Foden,England,21,84,92,Manchester City,LW,94500000.0,140000.0,75,79,47,85,59,87,73,63,78,89,86,82,91,83,91,82,49,80,47,77,64,59,10,85,64,84,58,59,47,8,15,6,13
Anthony Elanga,Sweden,19,72,85,Manchester United,RW,5500000.0,41000.0,63,69,65,67,62,74,65,61,47,72,88,84,83,69,77,64,76,73,54,61,42,29,8,63,56,68,30,35,31,13,5,13,10
Theo Hernández,France,23,84,89,AC Milan,LB,59500000.0,51000.0,84,69,74,79,66,83,69,64,68,79,92,94,78,84,76,83,68,90,81,72,82,78,7,73,50,80,74,81,80,12,10,7,7
Gleison Bremer Silva Nascimento,Brazil,24,80,85,Torino F.C.,CB,29000000.0,41000.0,46,54,83,65,36,60,30,20,69,62,76,76,69,78,72,65,80,66,81,35,80,82,5,44,43,74,83,84,83,13,15,13,6
Kouadio Manu Koné,France,20,76,85,Borussia Mönchengladbach,CM,16500000.0,20000.0,67,71,66,77,55,84,70,50,76,82,73,70,75,72,75,74,70,75,68,68,71,65,9,79,54,76,61,73,70,11,10,11,10
Pedro González López,Spain,18,84,92,FC Barcelona,CM,88500000.0,66000.0,68,68,50,87,56,87,79,62,85,88,81,76,88,85,89,66,65,87,60,67,62,72,8,88,53,87,68,73,63,12,7,11,8
Jeremie Frimpong,Netherlands,20,78,85,Bayer 04 Leverkusen,RB,26500000.0,33000.0,78,57,46,73,43,82,72,47,65,77,94,93,91,69,90,53,73,84,62,48,74,70,13,69,39,70,72,77,72,12,7,8,14
Robert Lewandowski,Poland,32,92,92,FC Bayern München,ST,119500000.0,270000.0,71,95,90,85,89,85,79,85,70,88,77,78,77,93,82,90,85,76,86,87,81,49,8,81,90,88,35,42,19,15,6,12,10
Mathías Olivera,Uruguay,23,76,83,Getafe CF,LB,14500000.0,21000.0,72,49,71,68,38,70,67,41,60,73,74,77,67,78,48,56,75,78,75,48,79,75,13,60,42,70,72,76,75,14,14,12,15
Giacomo Raspadori,Italy,21,76,85,U.S. Sassuolo Calcio,ST,17000000.0,25000.0,43,79,69,77,68,79,62,60,52,81,85,77,77,77,85,72,60,67,55,72,45,18,7,67,76,75,21,23,21,13,14,7,9
Pierre Kalulu,France,21,75,83,AC Milan,CB,12000000.0,22000.0,62,43,73,73,44,62,54,44,62,68,77,79,69,73,69,60,76,72,72,51,75,74,9,53,49,70,75,78,75,12,5,13,11
Sofiane Diop,France,21,78,86,AS Monaco,LM,31500000.0,37000.0,77,71,39,76,62,83,76,74,68,83,76,72,84,76,86,76,53,79,39,74,68,56,9,78,60,80,56,58,46,14,13,8,9
Dejan Kulusevski,Sweden,21,80,86,Tottenham Hotspur,RW,34000000.0,67000.0,81,74,54,80,80,84,84,61,70,84,79,85,77,78,69,75,66,83,78,82,67,55,10,81,65,81,50,64,58,14,5,10,5
Jack Grealish,England,25,84,85,Manchester City,LW,50500000.0,180000.0,80,76,36,84,72,88,78,74,81,87,79,79,85,79,84,76,32,80,70,78,60,44,10,86,58,88,48,49,43,11,6,11,13
Konrad Laimer,Austria,24,82,84,RB Leipzig,CDM,35500000.0,70000.0,78,69,69,83,60,79,70,47,78,80,82,81,76,80,74,72,73,88,69,68,85,84,13,78,54,81,83,80,75,9,12,12,12
Maarten Vandevoordt,Belgium,19,70,84,KRC Genk,GK,3300000.0,3000.0,11,3,8,25,4,22,10,8,35,27,40,39,46,68,48,49,60,32,60,5,14,11,63,40,15,52,11,10,12,73,70,65,73
Lorenzo Pellegrini,Italy,25,83,87,Roma,CAM,50500000.0,72000.0,74,74,74,87,74,81,74,79,85,86,79,79,80,83,86,79,70,89,74,76,74,70,13,86,82,82,70,76,73,12,7,10,11
Eddie Nketiah,England,22,72,79,Arsenal,ST,4800000.0,45000.0,43,73,66,66,69,74,54,38,45,73,85,82,80,74,72,72,73,66,59,60,52,19,9,58,68,68,22,19,15,12,10,11,5
Pedro Antonio Porro Sauceda,Spain,21,80,87,Sporting CP,RWB,40500000.0,80000.0,80,61,66,75,60,79,65,67,74,82,77,83,78,78,71,83,59,85,74,75,74,76,5,72,46,78,74,78,75,15,7,14,7
Rayan Cherki,France,17,73,88,Olympique Lyonnais,RM,7000000.0,6000.0,70,64,28,69,57,86,77,73,59,79,75,70,84,69,84,76,34,55,66,66,57,22,8,68,61,75,19,23,15,7,14,6,8
Mohamed-Ali Cho,France,17,70,85,Angers SCO,ST,3700000.0,3000.0,61,70,65,69,52,81,43,50,45,74,85,82,73,65,68,70,62,62,64,65,33,21,7,60,64,63,23,22,20,9,6,6,7
Paulo Dybala,Argentina,27,87,87,Juventus,CF,86500000.0,160000.0,82,84,59,87,88,90,89,88,79,93,84,76,88,80,93,84,74,69,60,89,43,42,5,91,84,79,32,41,39,5,4,4,8
Jarrod Bowen,England,24,79,82,West Ham United,RM,24000000.0,63000.0,79,80,64,75,66,82,71,70,67,79,78,76,79,77,83,74,64,80,62,76,57,37,10,74,70,75,49,40,36,14,8,14,7
Bukayo Saka,England,19,82,89,Arsenal,RM,59500000.0,58000.0,81,75,45,80,66,86,79,69,65,82,86,82,84,79,83,72,54,80,58,67,66,68,9,81,70,78,65,69,67,7,8,13,13
Sven Botman,Netherlands,21,79,85,LOSC Lille,CB,25500000.0,27000.0,43,24,81,72,27,59,47,28,70,64,57,63,59,75,41,65,78,82,88,37,79,77,6,57,37,74,79,82,78,12,9,8,14
Carney Chukwuemeka,England,17,64,86,Aston Villa,CAM,1800000.0,2000.0,53,58,46,68,52,71,55,46,67,68,67,63,57,56,75,56,50,48,61,34,58,33,11,64,58,65,43,49,54,12,12,9,10
Martin Ødegaard,Norway,22,83,89,Arsenal,CAM,58500000.0,95000.0,84,75,52,84,76,85,83,85,81,85,80,75,85,74,83,76,46,79,56,77,63,65,8,86,63,78,65,49,51,14,15,15,10
Frenkie de Jong,Netherlands,24,87,92,FC Barcelona,CM,119500000.0,210000.0,78,72,72,91,70,87,84,64,88,89,80,82,87,88,79,68,76,89,74,66,74,82,10,86,53,90,76,76,77,7,13,10,9
Luka Jović,Serbia,23,79,84,Real Madrid CF,ST,27000000.0,130000.0,67,80,79,72,83,78,77,56,61,80,74,76,76,80,77,82,76,75,78,75,62,23,9,70,66,78,25,26,16,8,7,12,13
Marc Cucurella Saseta,Spain,22,80,85,Brighton & Hove Albion,LB,30000000.0,53000.0,81,68,57,79,55,81,78,48,79,80,78,75,78,81,83,73,77,88,66,65,76,77,10,78,47,77,76,78,77,13,7,9,11
Rayan Aït Nouri,France,20,76,86,Wolverhampton Wanderers,LWB,15500000.0,43000.0,75,42,62,71,39,78,72,55,65,76,78,79,76,70,76,46,57,73,54,44,65,72,14,67,40,65,73,77,74,15,11,8,12
Raheem Sterling,England,26,87,87,Manchester City,LW,87000000.0,240000.0,79,82,46,83,67,87,79,72,69,85,95,88,94,90,93,78,57,79,65,80,59,30,15,82,70,77,47,53,47,15,12,12,9
Gabriel Fernando de Jesus,Brazil,24,83,86,Manchester City,RW,49500000.0,150000.0,74,83,78,78,77,87,76,54,66,85,87,81,91,84,87,83,79,82,69,76,75,32,6,77,75,78,45,30,28,13,8,6,15
Marcus Rashford,England,23,82,86,Manchester United,LW,43500000.0,130000.0,75,81,68,76,73,83,83,76,70,81,85,91,85,80,75,92,74,80,73,78,69,39,7,76,85,75,40,38,33,11,6,15,14
Evan Ndicka,France,21,80,85,Eintracht Frankfurt,CB,29500000.0,23000.0,68,43,81,78,31,74,59,30,76,78,74,84,55,79,55,65,82,76,79,54,78,78,8,73,33,81,81,83,76,13,8,7,8
Reece James,England,21,83,87,Chelsea,RWB,49500000.0,90000.0,86,65,70,82,62,82,82,76,77,81,78,82,73,79,87,82,74,82,84,69,74,76,13,79,52,80,80,81,78,8,12,7,11
